"Clock Net Name","Clock Driver Comp Ref Des & Pin Name","Clock Receiver Comp Ref Des & Pin Name","Cumulative Error Across N Cycles","tERR, [ps]","tERR Limit, [ps]","tERR Margin, [ps]"
"DRAM_CLK0_P","U1.AD15&AE15","U2.J7&K7","     2","    24","    74","    50"
"DRAM_CLK0_P","U1.AD15&AE15","U2.J7&K7","     3","    25","    87","    62"
"DRAM_CLK0_P","U1.AD15&AE15","U2.J7&K7","     4","    26","    97","    71"
"DRAM_CLK0_P","U1.AD15&AE15","U2.J7&K7","     5","    26","   105","    79"
"DRAM_CLK0_P","U1.AD15&AE15","U2.J7&K7","     6","    24","   111","    87"
"DRAM_CLK0_P","U1.AD15&AE15","U2.J7&K7","     7","    24","   116","    92"
"DRAM_CLK0_P","U1.AD15&AE15","U2.J7&K7","     8","    25","   121","    96"
"DRAM_CLK0_P","U1.AD15&AE15","U2.J7&K7","     9","    26","   125","    99"
"DRAM_CLK0_P","U1.AD15&AE15","U2.J7&K7","    10","    23","   128","   105"
"DRAM_CLK0_P","U1.AD15&AE15","U2.J7&K7","    11","    24","   132","   108"
"DRAM_CLK0_P","U1.AD15&AE15","U2.J7&K7","    12","    25","   134","   109"
"DRAM_CLK0_P","U1.AD15&AE15","U2.J7&K7","    13","    26","   137","   111"
"DRAM_CLK0_P","U1.AD15&AE15","U2.J7&K7","    14","    23","   140","   116"
"DRAM_CLK0_P","U1.AD15&AE15","U2.J7&K7","    15","    24","   142","   118"
"DRAM_CLK0_P","U1.AD15&AE15","U2.J7&K7","    16","    25","   144","   119"
"DRAM_CLK0_P","U1.AD15&AE15","U2.J7&K7","    17","    26","   146","   120"
"DRAM_CLK0_P","U1.AD15&AE15","U2.J7&K7","    18","    23","   148","   125"
"DRAM_CLK0_P","U1.AD15&AE15","U2.J7&K7","    19","    24","   150","   126"
"DRAM_CLK0_P","U1.AD15&AE15","U2.J7&K7","    20","    25","   152","   127"
"DRAM_CLK0_P","U1.AD15&AE15","U2.J7&K7","    21","    26","   154","   128"
"DRAM_CLK0_P","U1.AD15&AE15","U2.J7&K7","    22","    23","   155","   132"
"DRAM_CLK0_P","U1.AD15&AE15","U2.J7&K7","    23","    24","   157","   133"
"DRAM_CLK0_P","U1.AD15&AE15","U2.J7&K7","    24","    25","   158","   133"
"DRAM_CLK0_P","U1.AD15&AE15","U2.J7&K7","    25","    26","   159","   134"
"DRAM_CLK0_P","U1.AD15&AE15","U2.J7&K7","    26","    27","   161","   134"
"DRAM_CLK0_P","U1.AD15&AE15","U2.J7&K7","    27","    24","   162","   138"
"DRAM_CLK0_P","U1.AD15&AE15","U2.J7&K7","    28","    25","   163","   139"
"DRAM_CLK0_P","U1.AD15&AE15","U2.J7&K7","    29","    26","   164","   139"
"DRAM_CLK0_P","U1.AD15&AE15","U2.J7&K7","    30","    26","   166","   139"
"DRAM_CLK0_P","U1.AD15&AE15","U2.J7&K7","    31","    24","   167","   143"
"DRAM_CLK0_P","U1.AD15&AE15","U2.J7&K7","    32","    24","   168","   143"
"DRAM_CLK0_P","U1.AD15&AE15","U2.J7&K7","    33","    25","   169","   144"
"DRAM_CLK0_P","U1.AD15&AE15","U2.J7&K7","    34","    26","   170","   144"
"DRAM_CLK0_P","U1.AD15&AE15","U2.J7&K7","    35","    23","   171","   147"
"DRAM_CLK0_P","U1.AD15&AE15","U2.J7&K7","    36","    24","   172","   147"
"DRAM_CLK0_P","U1.AD15&AE15","U2.J7&K7","    37","    25","   173","   148"
"DRAM_CLK0_P","U1.AD15&AE15","U2.J7&K7","    38","    26","   174","   148"
"DRAM_CLK0_P","U1.AD15&AE15","U2.J7&K7","    39","    23","   175","   151"
"DRAM_CLK0_P","U1.AD15&AE15","U2.J7&K7","    40","    24","   175","   151"
"DRAM_CLK0_P","U1.AD15&AE15","U2.J7&K7","    41","    25","   176","   151"
"DRAM_CLK0_P","U1.AD15&AE15","U2.J7&K7","    42","    26","   177","   151"
"DRAM_CLK0_P","U1.AD15&AE15","U2.J7&K7","    43","    23","   178","   155"
"DRAM_CLK0_P","U1.AD15&AE15","U2.J7&K7","    44","    24","   179","   155"
"DRAM_CLK0_P","U1.AD15&AE15","U2.J7&K7","    45","    25","   179","   154"
"DRAM_CLK0_P","U1.AD15&AE15","U2.J7&K7","    46","    26","   180","   154"
"DRAM_CLK0_P","U1.AD15&AE15","U2.J7&K7","    47","    23","   181","   158"
"DRAM_CLK0_P","U1.AD15&AE15","U2.J7&K7","    48","    24","   182","   158"
"DRAM_CLK0_P","U1.AD15&AE15","U2.J7&K7","    49","    25","   182","   158"
"DRAM_CLK0_P","U1.AD15&AE15","U2.J7&K7","    50","    26","   183","   157"

"DRAM_CLK0_P","U1.AD15&AE15","U3.J7&K7","     2","    24","    74","    50"
"DRAM_CLK0_P","U1.AD15&AE15","U3.J7&K7","     3","    25","    87","    62"
"DRAM_CLK0_P","U1.AD15&AE15","U3.J7&K7","     4","    26","    97","    71"
"DRAM_CLK0_P","U1.AD15&AE15","U3.J7&K7","     5","    23","   105","    82"
"DRAM_CLK0_P","U1.AD15&AE15","U3.J7&K7","     6","    24","   111","    87"
"DRAM_CLK0_P","U1.AD15&AE15","U3.J7&K7","     7","    24","   116","    92"
"DRAM_CLK0_P","U1.AD15&AE15","U3.J7&K7","     8","    25","   121","    96"
"DRAM_CLK0_P","U1.AD15&AE15","U3.J7&K7","     9","    23","   125","   102"
"DRAM_CLK0_P","U1.AD15&AE15","U3.J7&K7","    10","    23","   128","   105"
"DRAM_CLK0_P","U1.AD15&AE15","U3.J7&K7","    11","    24","   132","   108"
"DRAM_CLK0_P","U1.AD15&AE15","U3.J7&K7","    12","    25","   134","   109"
"DRAM_CLK0_P","U1.AD15&AE15","U3.J7&K7","    13","    22","   137","   115"
"DRAM_CLK0_P","U1.AD15&AE15","U3.J7&K7","    14","    23","   140","   116"
"DRAM_CLK0_P","U1.AD15&AE15","U3.J7&K7","    15","    24","   142","   118"
"DRAM_CLK0_P","U1.AD15&AE15","U3.J7&K7","    16","    25","   144","   119"
"DRAM_CLK0_P","U1.AD15&AE15","U3.J7&K7","    17","    22","   146","   124"
"DRAM_CLK0_P","U1.AD15&AE15","U3.J7&K7","    18","    23","   148","   125"
"DRAM_CLK0_P","U1.AD15&AE15","U3.J7&K7","    19","    24","   150","   126"
"DRAM_CLK0_P","U1.AD15&AE15","U3.J7&K7","    20","    25","   152","   127"
"DRAM_CLK0_P","U1.AD15&AE15","U3.J7&K7","    21","    22","   154","   131"
"DRAM_CLK0_P","U1.AD15&AE15","U3.J7&K7","    22","    23","   155","   132"
"DRAM_CLK0_P","U1.AD15&AE15","U3.J7&K7","    23","    24","   157","   133"
"DRAM_CLK0_P","U1.AD15&AE15","U3.J7&K7","    24","    25","   158","   133"
"DRAM_CLK0_P","U1.AD15&AE15","U3.J7&K7","    25","    22","   159","   137"
"DRAM_CLK0_P","U1.AD15&AE15","U3.J7&K7","    26","    23","   161","   138"
"DRAM_CLK0_P","U1.AD15&AE15","U3.J7&K7","    27","    24","   162","   138"
"DRAM_CLK0_P","U1.AD15&AE15","U3.J7&K7","    28","    25","   163","   139"
"DRAM_CLK0_P","U1.AD15&AE15","U3.J7&K7","    29","    22","   164","   143"
"DRAM_CLK0_P","U1.AD15&AE15","U3.J7&K7","    30","    23","   166","   143"
"DRAM_CLK0_P","U1.AD15&AE15","U3.J7&K7","    31","    24","   167","   143"
"DRAM_CLK0_P","U1.AD15&AE15","U3.J7&K7","    32","    24","   168","   143"
"DRAM_CLK0_P","U1.AD15&AE15","U3.J7&K7","    33","    22","   169","   147"
"DRAM_CLK0_P","U1.AD15&AE15","U3.J7&K7","    34","    23","   170","   147"
"DRAM_CLK0_P","U1.AD15&AE15","U3.J7&K7","    35","    23","   171","   147"
"DRAM_CLK0_P","U1.AD15&AE15","U3.J7&K7","    36","    24","   172","   147"
"DRAM_CLK0_P","U1.AD15&AE15","U3.J7&K7","    37","    25","   173","   148"
"DRAM_CLK0_P","U1.AD15&AE15","U3.J7&K7","    38","    22","   174","   151"
"DRAM_CLK0_P","U1.AD15&AE15","U3.J7&K7","    39","    23","   175","   151"
"DRAM_CLK0_P","U1.AD15&AE15","U3.J7&K7","    40","    24","   175","   151"
"DRAM_CLK0_P","U1.AD15&AE15","U3.J7&K7","    41","    25","   176","   151"
"DRAM_CLK0_P","U1.AD15&AE15","U3.J7&K7","    42","    22","   177","   155"
"DRAM_CLK0_P","U1.AD15&AE15","U3.J7&K7","    43","    23","   178","   155"
"DRAM_CLK0_P","U1.AD15&AE15","U3.J7&K7","    44","    24","   179","   155"
"DRAM_CLK0_P","U1.AD15&AE15","U3.J7&K7","    45","    25","   179","   154"
"DRAM_CLK0_P","U1.AD15&AE15","U3.J7&K7","    46","    22","   180","   158"
"DRAM_CLK0_P","U1.AD15&AE15","U3.J7&K7","    47","    23","   181","   158"
"DRAM_CLK0_P","U1.AD15&AE15","U3.J7&K7","    48","    24","   182","   158"
"DRAM_CLK0_P","U1.AD15&AE15","U3.J7&K7","    49","    25","   182","   158"
"DRAM_CLK0_P","U1.AD15&AE15","U3.J7&K7","    50","    22","   183","   161"

"DRAM_CLK0_P","U1.AD15&AE15","U4.J7&K7","     2","    27","    74","    47"
"DRAM_CLK0_P","U1.AD15&AE15","U4.J7&K7","     3","    25","    87","    62"
"DRAM_CLK0_P","U1.AD15&AE15","U4.J7&K7","     4","    26","    97","    71"
"DRAM_CLK0_P","U1.AD15&AE15","U4.J7&K7","     5","    26","   105","    79"
"DRAM_CLK0_P","U1.AD15&AE15","U4.J7&K7","     6","    24","   111","    87"
"DRAM_CLK0_P","U1.AD15&AE15","U4.J7&K7","     7","    24","   116","    92"
"DRAM_CLK0_P","U1.AD15&AE15","U4.J7&K7","     8","    25","   121","    96"
"DRAM_CLK0_P","U1.AD15&AE15","U4.J7&K7","     9","    26","   125","    99"
"DRAM_CLK0_P","U1.AD15&AE15","U4.J7&K7","    10","    23","   128","   105"
"DRAM_CLK0_P","U1.AD15&AE15","U4.J7&K7","    11","    24","   132","   108"
"DRAM_CLK0_P","U1.AD15&AE15","U4.J7&K7","    12","    25","   134","   109"
"DRAM_CLK0_P","U1.AD15&AE15","U4.J7&K7","    13","    26","   137","   111"
"DRAM_CLK0_P","U1.AD15&AE15","U4.J7&K7","    14","    23","   140","   116"
"DRAM_CLK0_P","U1.AD15&AE15","U4.J7&K7","    15","    24","   142","   118"
"DRAM_CLK0_P","U1.AD15&AE15","U4.J7&K7","    16","    25","   144","   119"
"DRAM_CLK0_P","U1.AD15&AE15","U4.J7&K7","    17","    26","   146","   120"
"DRAM_CLK0_P","U1.AD15&AE15","U4.J7&K7","    18","    23","   148","   125"
"DRAM_CLK0_P","U1.AD15&AE15","U4.J7&K7","    19","    24","   150","   126"
"DRAM_CLK0_P","U1.AD15&AE15","U4.J7&K7","    20","    25","   152","   127"
"DRAM_CLK0_P","U1.AD15&AE15","U4.J7&K7","    21","    26","   154","   128"
"DRAM_CLK0_P","U1.AD15&AE15","U4.J7&K7","    22","    27","   155","   128"
"DRAM_CLK0_P","U1.AD15&AE15","U4.J7&K7","    23","    24","   157","   133"
"DRAM_CLK0_P","U1.AD15&AE15","U4.J7&K7","    24","    25","   158","   133"
"DRAM_CLK0_P","U1.AD15&AE15","U4.J7&K7","    25","    26","   159","   134"
"DRAM_CLK0_P","U1.AD15&AE15","U4.J7&K7","    26","    27","   161","   134"
"DRAM_CLK0_P","U1.AD15&AE15","U4.J7&K7","    27","    24","   162","   138"
"DRAM_CLK0_P","U1.AD15&AE15","U4.J7&K7","    28","    25","   163","   139"
"DRAM_CLK0_P","U1.AD15&AE15","U4.J7&K7","    29","    26","   164","   139"
"DRAM_CLK0_P","U1.AD15&AE15","U4.J7&K7","    30","    26","   166","   139"
"DRAM_CLK0_P","U1.AD15&AE15","U4.J7&K7","    31","    24","   167","   143"
"DRAM_CLK0_P","U1.AD15&AE15","U4.J7&K7","    32","    24","   168","   143"
"DRAM_CLK0_P","U1.AD15&AE15","U4.J7&K7","    33","    25","   169","   144"
"DRAM_CLK0_P","U1.AD15&AE15","U4.J7&K7","    34","    26","   170","   144"
"DRAM_CLK0_P","U1.AD15&AE15","U4.J7&K7","    35","    23","   171","   147"
"DRAM_CLK0_P","U1.AD15&AE15","U4.J7&K7","    36","    24","   172","   147"
"DRAM_CLK0_P","U1.AD15&AE15","U4.J7&K7","    37","    25","   173","   148"
"DRAM_CLK0_P","U1.AD15&AE15","U4.J7&K7","    38","    26","   174","   148"
"DRAM_CLK0_P","U1.AD15&AE15","U4.J7&K7","    39","    23","   175","   151"
"DRAM_CLK0_P","U1.AD15&AE15","U4.J7&K7","    40","    24","   175","   151"
"DRAM_CLK0_P","U1.AD15&AE15","U4.J7&K7","    41","    25","   176","   151"
"DRAM_CLK0_P","U1.AD15&AE15","U4.J7&K7","    42","    26","   177","   151"
"DRAM_CLK0_P","U1.AD15&AE15","U4.J7&K7","    43","    23","   178","   155"
"DRAM_CLK0_P","U1.AD15&AE15","U4.J7&K7","    44","    24","   179","   155"
"DRAM_CLK0_P","U1.AD15&AE15","U4.J7&K7","    45","    25","   179","   154"
"DRAM_CLK0_P","U1.AD15&AE15","U4.J7&K7","    46","    26","   180","   154"
"DRAM_CLK0_P","U1.AD15&AE15","U4.J7&K7","    47","    23","   181","   158"
"DRAM_CLK0_P","U1.AD15&AE15","U4.J7&K7","    48","    24","   182","   158"
"DRAM_CLK0_P","U1.AD15&AE15","U4.J7&K7","    49","    25","   182","   158"
"DRAM_CLK0_P","U1.AD15&AE15","U4.J7&K7","    50","    26","   183","   157"

"DRAM_CLK0_P","U1.AD15&AE15","U5.J7&K7","     2","    53","    74","    21"
"DRAM_CLK0_P","U1.AD15&AE15","U5.J7&K7","     3","    54","    87","    33"
"DRAM_CLK0_P","U1.AD15&AE15","U5.J7&K7","     4","    55","    97","    42"
"DRAM_CLK0_P","U1.AD15&AE15","U5.J7&K7","     5","    52","   105","    53"
"DRAM_CLK0_P","U1.AD15&AE15","U5.J7&K7","     6","    53","   111","    58"
"DRAM_CLK0_P","U1.AD15&AE15","U5.J7&K7","     7","    54","   116","    62"
"DRAM_CLK0_P","U1.AD15&AE15","U5.J7&K7","     8","    55","   121","    66"
"DRAM_CLK0_P","U1.AD15&AE15","U5.J7&K7","     9","    52","   125","    73"
"DRAM_CLK0_P","U1.AD15&AE15","U5.J7&K7","    10","    53","   128","    75"
"DRAM_CLK0_P","U1.AD15&AE15","U5.J7&K7","    11","    54","   132","    78"
"DRAM_CLK0_P","U1.AD15&AE15","U5.J7&K7","    12","    55","   134","    79"
"DRAM_CLK0_P","U1.AD15&AE15","U5.J7&K7","    13","    52","   137","    85"
"DRAM_CLK0_P","U1.AD15&AE15","U5.J7&K7","    14","    53","   140","    87"
"DRAM_CLK0_P","U1.AD15&AE15","U5.J7&K7","    15","    54","   142","    89"
"DRAM_CLK0_P","U1.AD15&AE15","U5.J7&K7","    16","    54","   144","    90"
"DRAM_CLK0_P","U1.AD15&AE15","U5.J7&K7","    17","    52","   146","    95"
"DRAM_CLK0_P","U1.AD15&AE15","U5.J7&K7","    18","    53","   148","    96"
"DRAM_CLK0_P","U1.AD15&AE15","U5.J7&K7","    19","    53","   150","    97"
"DRAM_CLK0_P","U1.AD15&AE15","U5.J7&K7","    20","    54","   152","    98"
"DRAM_CLK0_P","U1.AD15&AE15","U5.J7&K7","    21","    51","   154","   102"
"DRAM_CLK0_P","U1.AD15&AE15","U5.J7&K7","    22","    52","   155","   103"
"DRAM_CLK0_P","U1.AD15&AE15","U5.J7&K7","    23","    53","   157","   103"
"DRAM_CLK0_P","U1.AD15&AE15","U5.J7&K7","    24","    54","   158","   104"
"DRAM_CLK0_P","U1.AD15&AE15","U5.J7&K7","    25","    51","   159","   108"
"DRAM_CLK0_P","U1.AD15&AE15","U5.J7&K7","    26","    52","   161","   109"
"DRAM_CLK0_P","U1.AD15&AE15","U5.J7&K7","    27","    53","   162","   109"
"DRAM_CLK0_P","U1.AD15&AE15","U5.J7&K7","    28","    54","   163","   109"
"DRAM_CLK0_P","U1.AD15&AE15","U5.J7&K7","    29","    55","   164","   110"
"DRAM_CLK0_P","U1.AD15&AE15","U5.J7&K7","    30","    52","   166","   114"
"DRAM_CLK0_P","U1.AD15&AE15","U5.J7&K7","    31","    53","   167","   114"
"DRAM_CLK0_P","U1.AD15&AE15","U5.J7&K7","    32","    54","   168","   114"
"DRAM_CLK0_P","U1.AD15&AE15","U5.J7&K7","    33","    55","   169","   114"
"DRAM_CLK0_P","U1.AD15&AE15","U5.J7&K7","    34","    52","   170","   118"
"DRAM_CLK0_P","U1.AD15&AE15","U5.J7&K7","    35","    53","   171","   118"
"DRAM_CLK0_P","U1.AD15&AE15","U5.J7&K7","    36","    54","   172","   118"
"DRAM_CLK0_P","U1.AD15&AE15","U5.J7&K7","    37","    55","   173","   118"
"DRAM_CLK0_P","U1.AD15&AE15","U5.J7&K7","    38","    52","   174","   122"
"DRAM_CLK0_P","U1.AD15&AE15","U5.J7&K7","    39","    53","   175","   122"
"DRAM_CLK0_P","U1.AD15&AE15","U5.J7&K7","    40","    54","   175","   122"
"DRAM_CLK0_P","U1.AD15&AE15","U5.J7&K7","    41","    54","   176","   122"
"DRAM_CLK0_P","U1.AD15&AE15","U5.J7&K7","    42","    52","   177","   125"
"DRAM_CLK0_P","U1.AD15&AE15","U5.J7&K7","    43","    53","   178","   125"
"DRAM_CLK0_P","U1.AD15&AE15","U5.J7&K7","    44","    53","   179","   125"
"DRAM_CLK0_P","U1.AD15&AE15","U5.J7&K7","    45","    54","   179","   125"
"DRAM_CLK0_P","U1.AD15&AE15","U5.J7&K7","    46","    51","   180","   129"
"DRAM_CLK0_P","U1.AD15&AE15","U5.J7&K7","    47","    52","   181","   129"
"DRAM_CLK0_P","U1.AD15&AE15","U5.J7&K7","    48","    53","   182","   128"
"DRAM_CLK0_P","U1.AD15&AE15","U5.J7&K7","    49","    54","   182","   128"
"DRAM_CLK0_P","U1.AD15&AE15","U5.J7&K7","    50","    51","   183","   132"

